,시도,주소,학교명,조사기준일
30,서울,경기도 고양시 일산동구 장항동 580-20,백마초장항분교장,2011.0
31,서울,경기도 안성시 금산동 119,백성초,2018.0
33,서울,경기도 파주시 법원읍 법원리 500,법원초,2019.0
35,서울,경기도 포천시 창수면 오가리 424,보장초,2015.0
38,서울,경기도 이천시 부발읍 고백리 42-3,부발초백록분교장,2017.0
46,서울,경기도 화성시 향남읍 상신리 874,상신초,2017.0
49,서울,경기도 양평군 양동면 쌍학리 357,양동초단석분교장,2009.0
57,서울,경기도 연천군 미산면 유촌리 625,연천왕산초마전분교장(B),2008.0
58,서울,경기도 연천군 연천읍 고문리 259-1,연천초고문분교장,2017.0
62,서울,경기도 안성시 원곡면 성은리 35-1,원곡초성은분교장,2018.0
70,서울,경기도 연천군 전곡읍 늘목리 111-2,전곡초적동분교장,2018.0
71,서울,경기도 여주시 점동면 뇌곡리 172-1,점동초뇌곡분교장,2012.0
73,서울,경기도 여주시 점동면 장안리 478,점동초안평분교장,2009.0
76,서울,경기도 양평군 지평면 일신리 674,지평초일신분교장,2011.0
85,서울,경기도 남양주시 화도읍 녹촌리 272,마석초녹촌분교장,2019.0
89,서울,경기도 화성시 서신면 제부리 23-1,서신초제부분교장,2019.0
94,서울,경기도 이천시 모가면 신갈리 134-1,진가초모가분교장,2010.0
97,부산,부산광역시 사하구 감천동 10-2,감정초,2019.0
99,부산,부산광역시 강서구 명지동 1336,명지초,2016.0
101,부산,부산광역시 강서구 송정동 1437-19,송정초,2017.0
102,부산,부산광역시 남구 대연동 1788-2,연포초,2019.0
104,부산,부산광역시 기장군 정관읍 방곡리 412,정관초,2010.0
105,부산,부산광역시 동구 좌천동 874,좌천초,2018.0
106,부산,부산광역시 동구 수정동 363-4,중앙초,2008.0
107,부산,부산광역시 금정구 회동동 143-1,회동초,2018.0
108,부산,부산광역시 강서구 눌차동 587,눌차초,2011.0
109,부산,부산광역시 강서구 강동동 2273-1,덕도초,2019.0
110,부산,부산광역시 강서구 대항동 175,천가초대항분교장,2013.0
112,부산,부산광역시 강서구 천성동 813,천가초천성분교장,2011.0
115,대구,대구광역시 북구 산격동 1285,대동초,2017.0
118,대구,대구광역시 북구 노원동3가 262,삼영초,2015.0
121,대구,대구광역시 달성군 유가읍 유곡리 978,유가초,2016.0
127,인천,인천광역시 옹진군 영흥면 선재리 3,영흥초선재분교,2015.0
133,인천,인천광역시 강화군 교동면 난정리 1282,난정초교,2019.0
135,인천,인천광역시 강화군 서도면 볼음도리 596-1,서도초볼음분교,2018.0
140,광주,광주광역시 광산구 하남동 395,하남초,2009.0
145,울산,울산광역시 울주군 상북면 궁근정리 564-1,궁근정초,2016.0
146,울산,울산광역시 울주군 상북면 길천리 401,길천초,2016.0
153,울산,울산광역시 울주군 두동면 봉계리 1030-3,봉월초,2012.0
157,울산,울산광역시 울주군 상북면 이천리 377,이천분교,2013.0
158,울산,울산광역시 울주군 상북면 향산리 344,향산초,2016.0
192,경기,경기도 고양시 일산동구 장항동 580-20,백마초장항분교장,2011.0
193,경기,경기도 안성시 금산동 119,백성초,2018.0
195,경기,경기도 파주시 법원읍 법원리 500,법원초,2019.0
197,경기,경기도 포천시 창수면 오가리 424,보장초,2015.0
200,경기,경기도 이천시 부발읍 고백리 42-3,부발초백록분교장,2017.0
208,경기,경기도 화성시 향남읍 상신리 874,상신초,2017.0
211,경기,경기도 양평군 양동면 쌍학리 357,양동초단석분교장,2009.0
219,경기,경기도 연천군 미산면 유촌리 625,연천왕산초마전분교장(B),2008.0
220,경기,경기도 연천군 연천읍 고문리 259-1,연천초고문분교장,2017.0
224,경기,경기도 안성시 원곡면 성은리 35-1,원곡초성은분교장,2018.0
232,경기,경기도 연천군 전곡읍 늘목리 111-2,전곡초적동분교장,2018.0
233,경기,경기도 여주시 점동면 뇌곡리 172-1,점동초뇌곡분교장,2012.0
235,경기,경기도 여주시 점동면 장안리 478,점동초안평분교장,2009.0
238,경기,경기도 양평군 지평면 일신리 674,지평초일신분교장,2011.0
247,경기,경기도 남양주시 화도읍 녹촌리 272,마석초녹촌분교장,2019.0
251,경기,경기도 화성시 서신면 제부리 23-1,서신초제부분교장,2019.0
256,경기,경기도 이천시 모가면 신갈리 134-1,진가초모가분교장,2010.0
259,강원,강원도 춘천시 남면 가정리 838-1,가정초,2009.0
264,강원,강원도 횡성군 갑천면 하대리 44,갑천초금성분교장,2018.0
265,강원,강원도 횡성군 강림면 부곡리 617,강림초부곡분교장,2011.0
267,강원,강원도 평창군 진부면 신기리 190,거문초신기분교장,2008.0
268,강원,강원도 고성군 거진읍 송정리 139,거진초송정분교장,2016.0
269,강원,강원도 평창군 방림면 계촌리 520,계촌초대미분교장,2012.0
271,강원,강원도 횡성군 공근면 초원리 134-1,공근초광덕분교장,2012.0
287,강원,강원도 홍천군 내촌면 와야리 881-1,내촌초와야분교장,2009.0
297,강원,강원도 평창군 진부면 두일리 144-2,두일초,2009.0
300,강원,강원도 횡성군 둔내면 화동리 504-1,둔내초덕성분교장,2016.0
301,강원,강원도 횡성군 둔내면 영랑리 363,둔내초영호분교장,2008.0
305,강원,강원도 영월군 북면 연덕리 604-4,마차초연덕분교장,2018.0
313,강원,강원도 원주시 문막읍 취병리 358,문막초취병분교장,2014.0
315,강원,강원도 태백시 하사미동 163-1,미동초하사미분교장,2009.0
322,강원,강원도 정선군 화암면 백전리 101-2,백전초용소분교장,2008.0
332,강원,강원도 정선군 사북읍 사북리 270,사음초,2013.0
339,강원,강원도 화천군 상서면 노동리 504-2,상승초노동분교,2019.0
340,강원,강원도 횡성군 공근면 부창리 208-5,상창초,2009.0
348,강원,강원도 홍천군 서석면 수하리 398-3,서석초항곡분교장,2016.0
353,강원,강원도 홍천군 동면 노천리 1441,속초초노천분교장,2017.0
362,강원,강원도 평창군 평창읍 약수리 160,약수초,2016.0
366,강원,강원도 정선군 여량면 구절리 276-1,여량초구절분교장,2013.0
372,강원,강원도 정선군 신동읍 고성리 812,예미초고성분교장,2013.0
374,강원,강원도 삼척시 가곡면 풍곡리 617,오저초풍곡분교장,2012.0
376,강원,강원도 강릉시 옥계면 남양리 528,옥계초남양분교장,2011.0
381,강원,강원도 영월군 김삿갓면 내리 40,옥동초조제분교장,2011.0
382,강원,강원도 강릉시 왕산면 고단리 32-18,왕산초고단분교장,2010.0
395,강원,강원도 홍천군 내면 방내리 797-5,율전초방내분교장,2012.0
398,강원,강원도 정선군 임계면 가목리 107,임계초군대분교장,2013.0
399,강원,강원도 정선군 임계면 문래리 423-1,임계초문래분교장,2009.0
415,강원,강원도 홍천군 홍천읍 와동리 275,주봉초와동분교장,2015.0
419,강원,강원도 고성군 현내면 죽정리 365,죽정초,2008.0
426,강원,강원도 홍천군 내면 자운리 413,창촌초운두분교장,2009.0
428,강원,강원도 태백시 백산동 89,철암초백산분교장,2008.0
435,강원,강원도 홍천군 북방면 노일리 469-1,화계초노일분교장,2017.0
436,강원,강원도 홍천군 북방면 성동리 642-5,화계초성동분교장,2013.0
438,강원,강원도 정선군 화암면 북동리 182,화동초북동분교장,2010.0
439,강원,강원도 태백시 화전동 167-2,화전초,2015.0
442,강원,강원도 횡성군 갑천면 추동리 70-14,횡성초당평분교장,2016.0
445,강원,강원도 철원군 갈말읍 강포리 81-4,강포초,2012.0
446,강원,강원도 원주시 귀래면 귀래리 1343,귀래초귀운분교장,2016.0
447,강원,강원도 삼척시 노곡면 하월산리 162-3,근덕초노곡분교장,2016.0
448,강원,강원도 삼척시 근덕면 동막리 381,근덕초동막분교장,2018.0
449,강원,강원도 삼척시 노곡면 중마읍리 10,근덕초마읍분교장,2016.0
451,강원,강원도 양양군 현북면 도리 19,남천초,2008.0
459,강원,강원도 인제군 남면 신월리 244,부평초신월분교장,2017.0
467,강원,강원도 영월군 중동면 연상리 70-1,영월초연상분교장,2019.0
471,강원,강원도 횡성군 청일면 신대리 321-1,청일초신대분교장,2019.0
474,강원,강원도 삼척시 하장면 갈전리 365,하장초갈전분교장,2011.0
475,강원,강원도 삼척시 하장면 역둔리 26-3,하장초역둔분교장,2017.0
476,강원,강원도 삼척시 원덕읍 노곡리 142-2,호산초노실분교장,2008.0
491,충북,충청북도 청주시 상당구 남일면 두산리 106-1,남일초두산폐교,2010.0
495,충북,충청북도 보은군 내북면 동산리 119,내북초장,2013.0
496,충북,충청북도 충주시 노은면 안락리 119-1,노은초수상분교,2013.0
500,충북,충청북도 단양군 대강면 장정리 30,대강초장정분교장,2017.0
501,충북,충청북도 옥천군 이원면 의평리 276-2,대성초,2014.0
510,충북,충청북도 영동군 양강면 유점리 697-3,미봉초,2018.0
542,충북,충청북도 충주시 엄정면 목계리 111,엄정초목계분교,2009.0
546,충북,충청북도 청주시 청원구 오창읍 유리 394,오창초유리폐교,2008.0
548,충북,충청북도 청주시 서원구 남이면 부용외천리 290,외천폐교,2012.0
553,충북,충청북도 옥천군 이원면 지탄리 734-5,이원초지탄분교장,2012.0
555,충북,충청북도 충주시 중앙탑면 탑평리 212-1,중앙탑초,2018.0
569,충북,충청북도 충주시 앙성면 목미리 89-2,강천초,2019.0
570,충북,충청북도 음성군 음성읍 삼생리 94,남신초덕생분교장,2012.0
571,충북,충청북도 청주시 흥덕구 내곡동 10-2,내곡초,2019.0
573,충북,충청북도 단양군 단성면 가산리 290,단천초가산분교장,2019.0
576,충북,충청북도 진천군 덕산면 산수리 465-1,매산분교,2013.0
577,충북,충청북도 괴산군 불정면 추산리 545-2,목도초추산초,2017.0
578,충북,충청북도 괴산군 청천면 덕평리 280,문광초덕평분교,2011.0
583,충북,충청북도 진천군 이월면 신월리 317-16,상신초,2019.0
587,충북,충청북도 음성군 소이면 대장리 374-1,소이초대장분교장,2019.0
590,충북,충청북도 보은군 속리산면 삼가리 140,수정초삼가분교장,2018.0
595,충북,충청북도 단양군 영춘면 의풍리 760,영춘초의풍분교장,2009.0
596,충북,충청북도 청주시 청원구 오창읍 가좌리 129,오창초가좌폐교,2008.0
597,충북,충청북도 진천군 덕산면 옥동리 359-2,옥동초,2014.0
598,충북,충청북도 청주시 흥덕구 옥산면 소로리 313-1,옥산초소로분교,2019.0
608,충남,충청남도 논산시 양촌면 인천리 66,동산초,2015.0
617,충남,충청남도 논산시 성동면 병촌리 351,성광초,2011.0
618,충남,충청남도 서천군 장항읍 송림리 890-56,송림초유부도분교,2015.0
624,충남,충청남도 부여군 세도면 귀덕리 503,인세초,2018.0
625,충남,충청남도 서산시 인지면 모월리 311-2,인지초인정분교,2009.0
626,충남,충청남도 홍성군 장곡면 천태리 630-5,장곡초반계분교,2017.0
632,충남,충청남도 논산시 노성면 호암리 312,호암초,2012.0
635,충남,충청남도 홍성군 광천읍 옹암리 353-2,광남초,2014.0
636,충남,충청남도 홍성군 갈산면 취생리 250,광성초,2015.0
638,충남,충청남도 홍성군 광천읍 광천리 345,광신초,2013.0
640,충남,충청남도 부여군 남면 회동리 333-2,남성초,2008.0
643,충남,충청남도 홍성군 광천읍 대평리 318,대평초,2014.0
644,충남,충청남도 홍성군 광천읍 신진리 402,덕명초,2019.0
645,충남,충청남도 당진시 대호지면 사성리 35-9,도성초,2014.0
646,충남,충청남도 서산시 해미면 반양리 395,반양초,2012.0
648,충남,충청남도 금산군 복수면 용진리 405-1,복수초용진분교,2011.0
655,충남,충청남도 홍성군 장곡면 광성리 28,장곡초오서분교,2015.0
657,충남,충청남도 공주시 이인면 주봉리 250-4,주봉초,2017.0
658,충남,충청남도 공주시 계룡면 중장리 422-1,중장초,2012.0
660,충남,충청남도 태안군 소원면 파도리 617-3,파도초,2013.0
664,전북,전라북도 정읍시 고부면 관청리 548,관청초,2019.0
667,전북,전라북도 익산시 성당면 두동리 702,금성초,2018.0
677,전북,전라북도 부안군 보안면 하입석리 573-2,보안초,2010.0
679,전북,전라북도 무주군 적상면 삼유리 572,삼방초,2008.0
682,전북,전라북도 익산시 망성면 내촌리 92,성남초,2011.0
688,전북,전라북도 익산시 여산면 원수리 465-4,여산남초,2009.0
689,전북,전라북도 익산시 여산면 두여리 1184-2,여산서초,2009.0
691,전북,전라북도 정읍시 감곡면 용곽리 256,용곽초,2010.0
694,전북,전라북도 장수군 계북면 원촌리 1247,원촌초,2010.0
700,전북,전라북도 군산시 내초동 66,해성초내초분교,2017.0
701,전북,전라북도 정읍시 정우면 회룡리 108-2,회룡초,2012.0
714,전남,전라남도 장흥군 관산읍 죽청리 418-3,관산초영성분교장,2008.0
715,전남,전라남도 해남군 송지면 군곡리 435,군곡초,2011.0
718,전남,전라남도 나주시 토계동 318,나주초이화분교장,2008.0
719,전남,전라남도 순천시 낙안면 창녕리 572,낙안초창녕분교장,2014.0
724,전남,전라남도 고흥군 대서면 안남리 626,대서초안남분교장,2008.0
725,전남,전라남도 영암군 도포면 영호리 194,도포초도신분교장,2008.0
726,전남,전라남도 영암군 도포면 수산리 282-4,도포초수산분교장,2008.0
735,전남,전라남도 여수시 돌산읍 우두리 170,백초초우두분교장,2013.0
736,전남,전라남도 영광군 법성면 신장리 868,법성포초진량분교장,2013.0
737,전남,전라남도 담양군 봉산면 양지리 135-1,봉산초양지분교장,2013.0
747,전남,전라남도 고흥군 포두면 송산리 981,송산초,2010.0
753,전남,전라남도 여수시 관문동 8-5,여수자산초,2012.0
754,전남,전라남도 여수시 남면 연도리 424,연도초여남중연도분교장,2014.0
755,전남,전라남도 영광군 영광읍 계송리 667,영광서초,2011.0
759,전남,전라남도 보성군 득량면 송곡리 787,예당초득량분교장,2008.0
762,전남,전라남도 목포시 옥암동 240-1,옥남초,2008.0
763,전남,전라남도 해남군 황산면 옥동리 920,옥동초,2018.0
767,전남,전라남도 진도군 의신면 초사리 102,의동초,2014.0
768,전남,전라남도 무안군 일로읍 죽산리 22,일로죽산분교장,2010.0
772,전남,전라남도 진도군 지산면 가치리 904-3,지산서초,2009.0
777,전남,전라남도 고흥군 풍양면 고옥리 272-1,풍양초고옥분교장,2008.0
780,전남,전라남도 순천시 해룡면 농주리 12,해룡초농주분교장,2011.0
783,전남,전라남도 순천시 황전면 선변리 745,황전북초용림분교장,2011.0
788,전남,전라남도 여수시 삼산면 덕촌리 814-1,거문초덕촌분교장,2019.0
789,전남,전라남도 여수시 삼산면 서도리 25,거문초서도분교장,2019.0
793,전남,전라남도 담양군 가사문학면 인암리 238,남면초인암분교장,2011.0
795,전남,전라남도 완도군 노화읍 구석리 925,노화동초,2009.0
799,전남,전라남도 함평군 대동면 금산리 422-7,대동향교초대신분교장,2008.0
803,전남,전라남도 영암군 도포면 영호리 919-10,도포초영농분교장,2016.0
811,전남,전라남도 해남군 문내면 석교리 1528-2,문내동초,2014.0
812,전남,전라남도 해남군 문내면 고당리 179,문내초,2014.0
813,전남,전라남도 나주시 문평면 옥당리 1119,문평남초,2010.0
814,전남,전라남도 영광군 백수읍 논산리 10,백수초백수동분교장,2016.0
815,전남,전라남도 보성군 벌교읍 장양리 793,벌교초제석분교장,2015.0
818,전남,전라남도 순천시 별량면 마산리 249-1,별량초마산분교장,2009.0
819,전남,전라남도 완도군 예작도길 1-13 예작분교,보길동초예작분교장,2019.0
821,전남,전라남도 해남군 산이면 금호리 539,산이서초금호분교장,2018.0
822,전남,전라남도 나주시 산포면 덕례리 296,산포초덕례분교장,2013.0
823,전남,전라남도 순천시 상사면 쌍지리 250,상사초쌍지분교장,2010.0
825,전남,전라남도 진도군 임회면 백동리 633,석교초용등분교장,2009.0
826,전남,전라남도 나주시 세지면 내정리 6-3,세지북초,2010.0
829,전남,전라남도 영암군 시종면 금지리 1078,시종초종남분교장,2013.0
830,전남,전라남도 영암군 신북면 학동리 468,신북초신북서분교장,2011.0
834,전남,전라남도 여수시 남면 연도리 881,연도초역포분교장,2009.0
835,전남,전라남도 영광군 염산면 야월리 300,염산초야월분교장,2013.0
837,전남,전라남도 영광군 영광읍 덕호리 128,영광중앙초월송분교장,2019.0
838,전남,전라남도 함평군 학교면 사거리 172,영창초,2009.0
839,전남,전라남도 해남군 문내면 무고리 806,우수영초중화분교장,2014.0
840,전남,전라남도 보성군 웅치면 중산리 50,웅치초,2017.0
842,전남,전라남도 화순군 이양면 금능리 80-2,이양초금능분교장,2013.0
845,전남,전라남도 진도군 조도면 동거차도리 30-6,조도초동거차분교장,2010.0
848,전남,전라남도 순천시 주암면 어왕리 1,주암초어왕분교장,2009.0
849,전남,전라남도 광양시 진상면 황죽리 250-18,진상초황죽분교장,2017.0
850,전남,전라남도 광양시 진월면 월길리 714,진월초월길분교장,2014.0
852,전남,전라남도 여수시 삼산면 초도리 산404,초도초,2017.0
856,전남,전라남도 무안군 해제면 유월리 561,해제동초,2009.0
858,전남,전라남도 무안군 현경면 해운리 523,현경초해운분교장,2018.0
860,전남,전라남도 영광군 홍농읍 가곡리 243,홍농초동명분교장,2010.0
862,전남,전라남도 해남군 화산면 평호리 12-1,화산남초,2018.0
864,전남,전라남도 해남군 화원면 매월리 245,화원초화원북분교장,2011.0
867,전남,전라남도 여수시 남면 횡간리 251,화태초여동분교장,2015.0
868,전남,전라남도 순천시 황전면 대치리 435,황전초대치분교장,2014.0
871,경북,경상북도 예천군 감천면 덕율리 143,감천초덕율분교장,2009.0
872,경북,경상북도 경주시 강동면 단구리 1147,강동초단구분교장,2014.0
873,경북,경상북도 경주시 강동면 왕신리 669-1,강동초왕신분교장,2009.0
880,경북,경상북도 상주시 공성면 금계리 33,공서초,2013.0
882,경북,경상북도 김천시 구성면 양각리 402,구성초양각분교장,2011.0
885,경북,경상북도 청도군 운문면 신원리 1230-1,금천초문명분교장,2018.0
890,경북,경상북도 예천군 호명면 월포리 382,남부초인포분교장,2009.0
891,경북,경상북도 경산시 남산면 하대리 370,남산초삼성분교장,2010.0
892,경북,경상북도 울릉군 서면 태하리 521-2,남양초태하분교장,2012.0
902,경북,경상북도 군위군 부계면 대율리 644-1,대율초,2012.0
905,경북,경상북도 포항시 남구 동해면 흥환리 357,동해초흥환분교장,2013.0
907,경북,경상북도 청도군 매전면 온막리 42-4,매전초,2012.0
912,경북,경상북도 봉화군 물야면 개단리 844-2,물야초개단분교장,2012.0
914,경북,경상북도 청도군 금천면 방지리 1203,방지초,2015.0
915,경북,경상북도 고령군 쌍림면 백산리 163,백산초,2013.0
918,경북,경상북도 영주시 봉현면 두산리 210,봉현서부초,2012.0
922,경북,경상북도 영주시 부석면 남대리 354,부석초남대분교장,2010.0
924,경북,경상북도 의성군 사곡면 양지리 550,사곡초,2011.0
925,경북,경상북도 구미시 산동면 송산리 243,산동초송백분교장,2010.0
927,경북,경상북도 울진군 금강송면 광회리 310,삼근초광회분교장,2017.0
931,경북,경상북도 의성군 금성면 제오리 904-1,상천초,2010.0
939,경북,경상북도 영양군 수비면 신암리 167-1,수비초신암분교장,2009.0
942,경북,경상북도 문경시 호계면 견탄리 500-5,신기초대성분교장,2009.0
947,경북,경상북도 경산시 진량읍 신상리 343-1,신상초,2008.0
949,경북,경상북도 경산시 압량면 부적리 601,압량초,2017.0
950,경북,경상북도 경주시 양북면 송전리 94,양북초송전분교장,2010.0
955,경북,경상북도 문경시 영순면 말응리 524,영순초영창분교장,2008.0
956,경북,경상북도 영천시 작산동 56,영천남부초,2012.0
958,경북,경상북도 영덕군 영해면 괴시리 490,영해초영해동부분교장,2009.0
959,경북,경상북도 안동시 옥야동 328-2,영호초,2012.0
960,경북,경상북도 구미시 선산읍 북산리 587,예산초,2012.0
962,경북,경상북도 경주시 탑동 676-2,오릉초,2010.0
970,경북,경상북도 포항시 북구 용흥동 340,용흥중,2019.0
971,경북,경상북도 고령군 우곡면 도진리 270,우곡초도진분교장,2013.0
983,경북,경상북도 경주시 산내면 우라리 988-1,의곡초우라분교장,2010.0
986,경북,경상북도 영양군 청기면 당리 536-3,일월초청북분교장,2015.0
989,경북,경상북도 구미시 산동면 봉산리 165,임봉초,2011.0
993,경북,경상북도 경주시 감포읍 전촌리 639-1,전촌초,2009.0
997,경북,경상북도 포항시 북구 죽장면 합덕리 276,죽장초죽북분교장,2008.0
998,경북,경상북도 김천시 아포읍 지리 376,지동초,2013.0
1002,경북,경상북도 경주시 천북면 물천리 624-1,천북초물천분교장,2017.0
1009,경북,경상북도 포항시 북구 청하면 소동리 768-1,청하초청하남부분교장,2016.0
1015,경북,경상북도 안동시 풍천면 가곡리 595,풍서초,2016.0
1016,경북,경상북도 안동시 풍천면 구담리 541-1,풍천초,2016.0
1018,경북,경상북도 구미시 해평면 낙산리 598-1,해평초일선분교장,2008.0
1019,경북,경상북도 구미시 해평면 산양리 57-1,해평초향산분교장,2013.0
1024,경북,경상북도 성주군 금수면 무학리 1410,가천초무학분교장,2018.0
1026,경북,경상북도 고령군 개진면 생리 251,개진초영동분교장,2008.0
1028,경북,경상북도 경주시 건천읍 화천리 1328-1,경주초화천분교장,2010.0
1029,경북,경상북도 김천시 감문면 태촌리 785,곡송초,2013.0
1030,경북,경상북도 포항시 남구 구룡포읍 구평리 736-1,구룡포초구남분교장,2014.0
1033,경북,경상북도 고령군 다산면 노곡리 710-1,다산초노곡분교장,2009.0
1035,경북,경상북도 김천시 대신길 103 대신초등학교,대신초,2015.0
1036,경북,경상북도 성주군 선남면 용신리 933-1,도원초선남동부분교장,2017.0
1037,경북,경상북도 청도군 금천면 동곡리 905,동곡초,2015.0
1039,경북,경상북도 봉화군 명호면 북곡리 1309,명호초북곡분교장,2013.0
1041,경북,경상북도 봉화군 물야면 북지리 727,물야초북지분교장,2017.0
1042,경북,경상북도 봉화군 물야면 수식리 418-1,물야초수식분교장,2016.0
1046,경북,경상북도 울진군 금강송면 왕피리 594,삼근초왕피분교장,2019.0
1051,경북,경상북도 경주시 안강읍 육통리 543-3,안강북부초,2013.0
1054,경북,경상북도 경주시 양남면 상계리 57-2,양남초상계분교장,2015.0
1055,경북,경상북도 김천시 양천동 1301-2,양천초,2019.0
1056,경북,경상북도 영덕군 영덕읍 매정리 88,영덕야성초매정분교장,2016.0
1057,경북,경상북도 영덕군 영덕읍 창포리 550,영덕야성초창포분교장,2015.0
1059,경북,경상북도 상주시 외남면 신촌리 467,외남초삼남분교장,2013.0
1062,경북,경상북도 의성군 안사면 월소리 750-1,이두초쌍호분교장,2019.0
1065,경북,경상북도 영천시 임고면 수성리 901-2,임고초수성분교장,2009.0
1070,경북,경상북도 성주군 수륜면 오천리 280,지사초,2012.0
1082,경남,경상남도 함안군 법수면 강주리 408-2,관동초,2012.0
1095,경남,경상남도 밀양시 산외면 금곡리 83-2,단산초,2009.0
1117,경남,경상남도 밀양시 하남읍 백산리 1257-4,백산초,2014.0
1124,경남,경상남도 창원시 의창구 북면 동전리 141-3,북면초,2014.0
1130,경남,경상남도 통영시 사량면 돈지리 223-1,사량초내지분교장,2011.0
1131,경남,경상남도 통영시 사량면 읍덕리 366-1,사량초읍덕분교장,2012.0
1140,경남,경상남도 밀양시 상동면 금산리 876-3,상동초,2013.0
1148,경남,경상남도 사천시 용현면 통양리 108,선진초,2012.0
1149,경남,경상남도 남해군 설천면 덕신리 1259-3,설천초덕신분교장,2011.0
1152,경남,경상남도 김해시 응달동 154-21,수남초,2009.0
1153,경남,경상남도 밀양시 하남읍 대사리 242-2,수산초하남대사분교장,2013.0
1158,경남,경상남도 거제시 둔덕면 술역리 808-1,숭덕초화도분교장,2010.0
1163,경남,경상남도 김해시 한림면 신천리 662,신천초,2014.0
1183,경남,경상남도 창원시 진해구 성내동 399-4,웅천초,2018.0
1186,경남,경상남도 통영시 용남면 지도리 250-1,원평초지도분교장,2014.0
1200,경남,경상남도 진주시 장재동 582,장재초,2015.0
1202,경남,경상남도 거창군 신원면 중유리 275-1,중유초,2008.0
1215,경남,경상남도 함안군 칠북면 검단리 980,칠북초,2015.0
1219,경남,경상남도 김해시 한림면 가산리 191-2,한림초가산분교장,2009.0
1220,경남,경상남도 통영시 한산면 창좌리 726-1,한산초,2013.0
1222,경남,경상남도 진주시 대평면 대평리 509,한평초,2018.0
1226,경남,경상남도 합천군 가야면 사촌리 166,가산초,2019.0
1237,경남,경상남도 사천시 마도동 6,대방초마도분교장,2019.0
1240,경남,경상남도 진주시 집현면 덕오리 725-2,덕오초,2009.0
1251,경남,경상남도 통영시 사량면 돈지리 675,사량초돈지분교장,2012.0
1252,경남,경상남도 통영시 사량면 양지리 418-2,사량초양지분교장,2012.0
1262,경남,경상남도 진주시 옥봉동 700-1,수정초,2016.0
1263,경남,경상남도 합천군 가야면 매안리 392,숭산초,2019.0
1266,경남,경상남도 양산시 어곡동 150,어곡초,2017.0
1269,경남,경상남도 창원시 진해구 명동 338,웅천초명동분교장,2015.0
1270,경남,경상남도 통영시 욕지면 노대리 66-3,원량초노대분교장,2012.0
1271,경남,경상남도 통영시 욕지면 두미리 122-1,원량초두남분교장,2014.0
1272,경남,경상남도 통영시 욕지면 동항리 384-1,원량초옥동분교장,2008.0
1280,경남,경상남도 김해시 주촌면 선지리 248-1,주동초,2019.0
1282,경남,경상남도 김해시 주촌면 내삼리 652-1,주촌초,2019.0
1286,경남,경상남도 밀양시 초동면 성만리 624-2,초동중,2015.0
1288,경남,경상남도 고성군 하일면 춘암리 401-2,하일초장춘분교장,2012.0
1291,경남,경상남도 통영시 한산면 비진리 75-3,한산초비진분교장,2012.0
1292,경남,경상남도 통영시 한산면 용호리 459-1,한산초용호분교장,2012.0
1294,경남,경상남도 합천군 가야면 치인리 산16-1,해인초,2019.0
1301,제주,제주특별자치도 서귀포시 안덕면 동광리 976,서광초동광분교장,2009.0
684,부산,부산 동구 수정1동365,중앙초등학교,20080401.0
2845,경기,경기 연천군 미산면유촌리 625,연천왕산초등학교마전분교장,20080401.0
2995,강원,강원 태백시 백산동89번지,철암초등학교백산분교장,20080401.0
3013,강원,강원 양양군 현북면 도리33번지,남천초등학교,20080401.0
3063,강원,강원 삼척시 원덕읍 노곡리142-2,호산초등학교노실분교장,20080401.0
3116,강원,강원 횡성군 둔내면 영랑리375,둔내초등학교영호분교장,20080401.0
3155,강원,강원 평창군 진부면 신기리190번지,거문초등학교신기분교장,20080401.0
3184,강원,강원 정선군 동면 백전리101-2,백전초등학교용소분교장,20080401.0
3185,강원,강원 정선군 북평면 숙암리546,북평초등학교숙암분교장,20080401.0
3213,강원,강원 철원군 근남면 마현리1270,마현초등학교,20080401.0
3412,충북,충북 청원군 오창읍 가좌리129,오창초등학교가좌분교장,20080401.0
3442,충북,충북 청원군 오창읍 유리394,오창초등학교유리분교장,20080401.0
3646,충남,충남 공주시 장기면 당암리126-2,당암초등학교,20080401.0
3656,충남,충남 공주시 정안면 월산리393,월산초등학교,20080401.0
3747,충남,충남 서산시 팔봉면 진장리806-5,고성초등학교,20080401.0
3806,충남,충남 연기군 남면 종촌리131-1,연양초등학교,20080401.0
3858,충남,충남 부여군 남면 회동리642,남성초등학교,20080401.0
3880,충남,충남 부여군 임천면 칠산리219-1,칠산초등학교,20080401.0
4123,전북,전북 군산시 옥구읍 상평리471,상평초등학교,20080401.0
4363,전북,전북 무주군 적상면 삼유리572,삼방초등학교,20080401.0
4420,전북,전북 고창군 상하면 석남리688,석남초등학교,20080401.0
4610,전남,전남 나주시 토계동318,나주초등학교이화분교장,20080401.0
4629,전남,전남 나주시 금천면 동악리566,금천남초등학교,20080401.0
4721,전남,전남 고흥군 대서면 안남리625,대서초등학교안남분교장,20080401.0
4729,전남,전남 고흥군 풍양면 고옥리275,풍양초등학교고옥분교장,20080401.0
4750,전남,전남 보성군 득량면 송곡리790-1,예당초등학교득량분교장,20080401.0
4770,전남,전남 화순군 한천면 반곡리305,사평초등학교반곡분교장,20080401.0
4786,전남,전남 장흥군 관산읍 죽청리421,관산초등학교영성분교장,20080401.0
4828,전남,전남 해남군 북일면 내동리645,북일초등학교산동분교장,20080401.0
4832,전남,전남 해남군 황산면 한자리88,황산초등학교한자분교장,20080401.0
4835,전남,전남 해남군 황산면 원호리902,황산초등학교원호분교장,20080401.0
4856,전남,전남 영암군 도포면 수산리282-4,도포초등학교수산분교장,20080401.0
4857,전남,전남 영암군 도포면 영호리산167,도포초등학교도신분교장,20080401.0
4895,전남,전남 함평군 대동면 금산리422-7,대동향교초등학교대신분교장,20080401.0
4914,전남,전남 영광군 염산면 신성리255,염산초등학교신성분교장,20080401.0
4920,전남,전남 영광군 낙월면 송이도산270,법성포초등학교송이분교장,20080401.0
4936,전남,전남 장성군 황룡면 아곡리46,월평초등학교황룡분교장,20080401.0
4967,전남,전남 완도군 소안면 횡간리151,소안초등학교횡간분교장,20080401.0
4968,전남,전남 완도군 소안면 진산리847,소안초등학교진산분교장,20080401.0
4986,전남,전남 진도군 고군면 오류리870,고성초등학교오룡분교장,20080401.0
4988,전남,전남 진도군 의신면 연주리451,의신초등학교유정분교장,20080401.0
4995,전남,전남 진도군 조도면 맹성리963,조도초등학교상도분교장,20080401.0
5000,전남,전남 진도군 지산면 길은리494-1,지산초등학교길은분교장,20080401.0
5011,전남,전남 신안군 도초면 만년리1314,동도초등학교,20080401.0
5040,전남,전남 신안군 신의면 하태동리438-4,신의초등학교신의남분교장,20080401.0
5042,전남,전남 신안군 장산면 팽진리921,장산초등학교장산동분교장,20080401.0
5093,경북,경북 포항시 북구 죽장면 합덕리276,죽장초등학교죽북분교장,20080401.0
5180,경북,경북 김천시 농소면 봉곡리1214,농소초등학교봉곡분교장,20080401.0
5197,경북,경북 김천시 조마면 대방리539번지,대방초등학교,20080401.0
5220,경북,경북 안동시 북후면 연곡리414-1,북후초등학교연곡분교장,20080401.0
5294,경북,경북 구미시 해평면 낙산리588-1,해평초등학교일선분교장,20080401.0
5304,경북,경북 영주시 순흥면 배점리182,순흥초등학교배점분교장,20080401.0
5340,경북,경북 영천시 금호읍 원기리277번지,창산초등학교,20080401.0
5402,경북,경북 문경시 영순면 말응리524번지,영순초등학교영창분교장,20080401.0
5439,경북,경북 군위군 고로면 학성1리149-3,고로초등학교,20080401.0
5466,경북,경북 의성군 비안면 서부리35번지,이두초등학교비안분교장,20080401.0
5520,경북,경북 청도군 이서면 양원리129-5,칠곡초등학교,20080401.0
5523,경북,경북 고령군 개진면 생리251번지,개진초등학교영동분교장,20080401.0
5529,경북,경북 고령군 다산면 벌지리63번지,다산초등학교벌지분교장,20080401.0
5538,경북,경북 고령군 개진면 직리804-2,직동초등학교,20080401.0
5579,경북,경북 예천군 보문면 옥천리242번지,감천초등학교옥천분교장,20080401.0
5584,경북,경북 예천군 호명면 내신리362번지,예천남부초등학교신당분교장,20080401.0
5585,경북,경북 예천군 보문면 수계리658-1,예천동부초등학교보문분교장,20080401.0
5594,경북,경북 예천군 상리면 석묘리389번지,은풍초등학교은계분교장,20080401.0
5738,경남,경남 진주시 내동면 삼계리산267-9번지,내동초등학교신광분교장,20080401.0
5806,경남,경남 통영시 사량면 돈지리324-1번지,사량초등학교수우도분교장,20080401.0
5820,경남,경남 통영시 욕지면 동항리384-1번지,원량초등학교옥동분교장,20080401.0
8832,경기,경기 여주군 점동면 장안리480-3번지,점동초등학교안평분교장,20090401.0
8849,경기,경기 양평군 양동면 쌍학리358번지,양동초등학교단석분교장,20090401.0
9190,강원,강원 춘천시 남면 가정리838번지,가정초등학교,20090401.0
9331,강원,강원 태백시 하사미동163-1,미동초등학교하사미분교장,20090401.0
9406,강원,강원 홍천군 내촌면 와야리881,내촌초등학교와야분교장,20090401.0
9434,강원,강원 홍천군 내면 자운리413번지,창촌초등학교운두분교장,20090401.0
9447,강원,강원 횡성군 횡성읍 정암리454,덕고초등학교,20090401.0
9450,강원,강원 횡성군 공근면 부창리209번지,상창초등학교,20090401.0
9495,강원,강원 평창군 진부면 두일리144번지,두일초등학교,20090401.0
9526,강원,강원 정선군 임계면 도전리734-2,임계초등학교도전분교장,20090401.0
9528,강원,강원 정선군 임계면 골지리423-1,임계초등학교문래분교장,20090401.0
9614,강원,강원 고성군 현내면 죽정리1리 372번지,죽정초등학교,20090401.0
9689,충북,충북 충주시 엄정면 목계리111,엄정초등학교목계분교장,20090401.0
9793,충북,충북 옥천군 청성면 도장리496번지,청성초등학교능월분교장,20090401.0
9851,충북,충북 괴산군 칠성면 외사리152,칠성초등학교외사분교,20090401.0
9896,충북,충북 단양군 영춘면 의풍리663번지,영춘초등학교의풍분교,20090401.0
10089,충남,충남 서산시 지곡면 중왕리244-1,부성초등학교중왕분교장,20090401.0
10096,충남,충남 서산시 인지면 모월리311-2,인지초등학교인정분교장,20090401.0
10204,충남,충남 부여군 홍산면 조현리379-1,장수초등학교,20090401.0
10487,전북,전북 익산시 여산면 원수리465-4,여산남초등학교,20090401.0
10488,전북,전북 익산시 여산면 두여리1184-2,여산서초등학교,20090401.0
10674,전북,전북 진안군 진안읍 연장리998번지,연장초등학교,20090401.0
10793,전남,전남 목포시 옥암동240-1,목포옥남초등학교,20090401.0
10862,전남,전남 여수시 신덕동6,상암초등학교신덕분교장,20090401.0
10871,전남,전남 여수시 남면 연도리1238,연도초등학교역포분교장,20090401.0
10874,전남,전남 여수시 삼산면 초도리산2457,초도초등학교진막분교장,20090401.0
10926,전남,전남 순천시 주암면 어왕리1,주암초등학교어왕분교장,20090401.0
10928,전남,전남 순천시 별량면 마산리243-1,별량초등학교마산분교장,20090401.0
10951,전남,전남 나주시 금천면 석전리129-3,금천동초등학교,20090401.0
10953,전남,전남 나주시 산포면 신도리181-1,산포초등학교신도분교장,20090401.0
11029,전남,전남 고흥군 금산면 오천리486,금산남초등학교,20090401.0
11030,전남,전남 고흥군 금산면 어전리1240,금산제일초등학교,20090401.0
11074,전남,전남 화순군 능주면 만수리129,능주북초등학교,20090401.0
11106,전남,전남 강진군 강진읍 학명리320-1,강진서초등학교,20090401.0
11149,전남,전남 해남군 계곡면 사정리375,계곡초등학교계곡서분교장,20090401.0
11164,전남,전남 영암군 미암면 호포리83,미암서초등학교,20090401.0
11181,전남,전남 무안군 몽탄면 청용리401,몽탄남초등학교,20090401.0
11182,전남,전남 무안군 몽탄면 사창리720,몽탄북초등학교,20090401.0
11188,전남,전남 무안군 해제면 유월리563,해제동초등학교,20090401.0
11199,전남,전남 함평군 학교면 학교리585,학다리초등학교,20090401.0
11219,전남,전남 영광군 대마면 원흥리334-2,대마서초등학교,20090401.0
11244,전남,전남 장성군 북하면 신성리71-1,약수초등학교북상분교장,20090401.0
11262,전남,전남 완도군 노화읍 구석리925,노화동초등학교,20090401.0
11270,전남,전남 완도군 생일면 봉선리516,생영초등학교봉선분교장,20090401.0
11271,전남,전남 완도군 금당면 차우리1555,금당초등학교비견분교장,20090401.0
11272,전남,전남 완도군 청산면 부흥리591,청산초등학교청산동분교장,20090401.0
11286,전남,전남 진도군 임회면 삼막리250,광석초등학교,20090401.0
11288,전남,전남 진도군 지산면 가치리904-3,지산서초등학교,20090401.0
11294,전남,전남 진도군 임회면 백동리633번지,석교초등학교용등분교장,20090401.0
11311,전남,전남 신안군 비금면 죽림리832,비금초등학교비금서분교장,20090401.0
11319,전남,전남 신안군 안좌면 대리756,안창초등학교,20090401.0
11347,전남,전남 신안군 압해면 가란리97,압해동초등학교가란분교장,20090401.0
11385,경북,경북 포항시 남구 장기면 창지리84번지,장기초등학교봉산분교장,20090401.0
11421,경북,경북 경주시 강동면 왕신리669-1번지,강동초등학교왕신분교장,20090401.0
11462,경북,경북 경주시 감포읍 전촌리638번지,전촌초등학교,20090401.0
11477,경북,경북 김천시 구성면 송죽리111번지,구성초등학교과곡분교장,20090401.0
11531,경북,경북 안동시 도산면 서부리214-2,온혜초등학교예안분교장,20090401.0
11539,경북,경북 안동시 일직면 망호리819,일직남부초등학교,20090401.0
11623,경북,경북 영천시 임고면 수성리901번지,임고초등학교수성분교장,20090401.0
11649,경북,경북 상주시 모서면 정산리355-2,모서초등학교화산분교장,20090401.0
11692,경북,경북 문경시 산양면 과곡리594,산양초등학교금동분교장,20090401.0
11694,경북,경북 문경시 호계면 견탄리500-5,신기초등학교대성분교장,20090401.0
11705,경북,경북 경산시 남천면 금곡리376번지,금곡초등학교,20090401.0
11716,경북,경북 경산시 진량읍 신상3리343-1,신상초등학교,20090401.0
11775,경북,경북 영양군 수비면 신암리167번지,수비초등학교신암분교장,20090401.0
11788,경북,경북 영덕군 영해면 괴시리490번지 ,영해초등학교영해동부분교장,20090401.0
11817,경북,경북 고령군 다산면 노곡리710번지,다산초등학교노곡분교장,20090401.0
11866,경북,경북 예천군 감천면 덕율리143번지,감천초등학교덕율분교장,20090401.0
11868,경북,경북 예천군 호명면 월포리382,예천남부초등학교인포분교장,20090401.0
11873,경북,경북 예천군 용궁면 월오리690,용궁초등학교장평분교장,20090401.0
11901,경북,경북 봉화군 법전면 눌산리1134-2,춘양초등학교눌산분교장,20090401.0
11910,경북,경북 울진군 원남면 오산리931,매화초등학교덕신분교장,20090401.0
12023,경남,경남 진주시 금곡면 동례리886번지,금곡초등학교,20090401.0
12029,경남,경남 진주시 집현면 덕오리725-2번지,덕오초등학교,20090401.0
12056,경남,경남 진주시 지수면 승산리195-2번지,지수초등학교,20090401.0
12148,경남,경남 김해시 한림면 가산리191-2번지,한림초등학교가산분교장,20090401.0
12196,경남,경남 밀양시 산외면 금곡리84-3번지,단산초등학교,20090401.0
12379,경남,경남 하동군 금남면 대도리81,노량초등학교대도분교장,20090401.0
12548,제주,제주 서귀포시 안덕면 동광리967,서광초등학교동광분교장,20090401.0
13666,대구,대구광역시 달성군 유가면 용봉리115-1,대구비슬초등학교,20100401.0
14160,대전,대전광역시 유성구 봉산동839,대전보덕초등학교,20100401.0
15075,경기,경기도 이천시 모가면 신갈리165-2,진가초등학교모가분교장,20100401.0
15600,강원,강원도 강릉시 왕산면 고단리32-8,왕산초등학교고단분교장,20100401.0
15706,강원,강원 삼척시 원덕읍 갈남리456-1,임원초등학교신남분교장,20100401.0
15824,강원,강원 정선군 남면 낙동리613,남선초등학교낙동분교장,20100401.0
15846,강원,강원도 정선군 화암면 북동리183-1,화동초등학교북동분교장,20100401.0
16439,충남,충청남도 연기군 남면 양화리439-5,연세초등학교,20100401.0
16491,충남,충청남도 부여군 장암면 장하리691-1,남산초등학교,20100401.0
16545,충남,충청남도 청양군 대치면 장곡리153,수정초등학교칠갑분교장,20100401.0
16566,충남,충청남도 홍성군 결성면 용호리2-3,용호초등학교,20100401.0
16860,전북,전라북도 정읍시 감곡면 용곽리용곽리 256,용곽초등학교,20100401.0
16942,전북,전라북도 완주군 고산면 소향리318-1,고산동초등학교,20100401.0
16999,전북,전라북도 장수군 계북면 원촌리1252번지,원촌초등학교,20100401.0
17063,전북,전라북도 부안군 보안면 하입석리573-2,보안초등학교,20100401.0
17225,전남,전라남도 순천시 상사면 쌍지리250,상사초등학교쌍지분교장,20100401.0
17234,전남,전라남도 나주시 세지면내정리 6-3,세지북초등학교,20100401.0
17243,전남,전라남도 나주시 문평면옥당리 1119,문평남초등학교,20100401.0
17325,전남,전라남도 고흥군 포두면송산리 378,송산초등학교,20100401.0
17477,전남,전라남도 무안군 일로읍 죽산리22,일로초등학교죽산분교장,20100401.0
17484,전남,전라남도 함평군 학교면사거리 172,영창초등학교,20100401.0
17501,전남,전라남도 영광군 홍농읍 가곡리243,홍농초등학교동명분교장,20100401.0
17574,전남,전라남도 진도군 고군면 향동리1524,오산초등학교향동분교장,20100401.0
17598,전남,전라남도 신안군 압해면 복용리420,압해초등학교쌍룡분교장,20100401.0
17603,전남,전남 신안군 증도면병풍리2구 기점도 796번지,증도초등학교기점분교장,20100401.0
17605,전남,전라남도 신안군 도초면 우이도리1395번지,도초초등학교서리분교장,20100401.0
17695,경북,경북 경주시 건천읍 화천리1330번지,경주초등학교화천분교장,20100401.0
17702,경북,경상북도 경주시 감포읍 대본리669-2번지,대본초등학교,20100401.0
17716,경북,경상북도 경주시 양북면 송전리94,양북초등학교송전분교장,20100401.0
17727,경북,경북 경주시 탑동676-2번지,오릉초등학교,20100401.0
17737,경북,경상북도 경주시 산내면 우라리988,의곡초등학교우라분교장,20100401.0
17751,경북,경상북도 김천시 남면 운남리567,금오산초등학교,20100401.0
17824,경북,경북 구미시 산동면 송산리242번지,산동초등학교송백분교장,20100401.0
17867,경북,경상북도 영주시 부석면 남대리354,부석초등학교남대분교장,20100401.0
17955,경북,경상북도 문경시 마성면 정리25-3,동성초등학교마성분교장,20100401.0
17994,경북,경북 경산시 남산면 하대리371번지,남산초등학교삼성분교장,20100401.0
18014,경북,경북 의성군 금성면 제오리904-1,상천초등학교,20100401.0
18365,경남,경상남도 통영시 한산면 하소리430,한산초등학교하소분교장,20100401.0
18483,경남,경상남도 거제시 둔덕면 술역리816,숭덕초등학교화도분교장,20100401.0
18776,제주,제주특별자치도 제주시 조천읍 신흥리94,조천초등학교신흥분교장,20100401.0
19595,부산,부산광역시 강서구 구랑동세산초등학교녹산분교장,세산초등학교녹산분교장,20110401.0
19606,부산,부산광역시 강서구 눌차동587번지 눌차초등학교,눌차초등학교,20110401.0
19648,부산,부산광역시 강서구 성북동   812-1천가초등학교천성분교장,천가초등학교천성분교장,20110401.0
21437,경기,경기 양평군 지평면일신리 674번지,지평초등학교일신분교장,20110401.0
21467,경기,경기도 고양시 일산동구 장항동580번지,백마초등학교장항분교장,20110401.0
21891,강원,강원 강릉시 옥계면 남양리524-9,옥계초등학교남양분교장,20110401.0
21988,강원,강원도 삼척시 하장면 갈전리365,하장초등학교갈전분교장,20110401.0
22034,강원,강원도 횡성군 강림면 부곡2리617 번지,강림초등학교부곡분교장,20110401.0
22058,강원,강원도 영월군 김삿갓면 내리40 번지,옥동초등학교조제분교장,20110401.0
22065,강원,강원도 영월군 북면 문곡리340번지,마차초등학교문곡분교장,20110401.0
22341,충북,충청북도 청원군 남일면 두산리106-1,남일초등학교두산분교장,20110401.0
22424,충북,충청북도 괴산군 청천면 송문로덕평2길42,문광초등학교덕평분교장,20110401.0
22704,충남,충청남도 금산군 복수면 용진길2,복수초등학교용진분교장,20110401.0
22746,충남,충청남도 논산시 성동면 병촌리351,성광초등학교,20110401.0
23063,전북,전라북도 익산시 망성면 내촌리92,성남초등학교,20110401.0
23439,전남,전라남도 여수시 돌산읍 군내리송도 1434번지,돌산초등학교송도분교장,20110401.0
23495,전남,전남 순천시 황전면 선변리745,황전북초등학교용림분교장,20110401.0
23499,전남,전라남도 순천시 해룡면 농주리12,해룡초등학교농주분교장,20110401.0
23512,전남,전남 나주시 동강면 양지리441,동강초등학교곡강분교장,20110401.0
23567,전남,전라남도 담양군 남면 인암리238,남면초등학교인암분교장,20110401.0
23687,전남,전라남도 해남군 송지면군곡리 441,군곡초등학교,20110401.0
23696,전남,전라남도 해남군 황산면옥동리 22,옥동초등학교,20110401.0
23707,전남,전남 해남군 화원면 매월리245,화원초등학교화원북분교장,20110401.0
23713,전남,전남 영암군 신북면 학동리468,신북초등학교신북서분교장,20110401.0
23715,전남,전남 영암군 시종면 신학리709,시종초등학교신학분교장,20110401.0
23760,전남,전라남도 영광군 영광읍계송리 667,영광서초등학교,20110401.0
23816,전남,전라남도 완도군 군외면 당인리106-24,군외초등학교백일분교장,20110401.0
23817,전남,전라남도 완도군 금일읍 신도길41-1,금일초등학교신도분교장,20110401.0
23819,전남,전라남도 완도군 청산면 여서리 31번길 22-8전라남도 완도군 청산면 여서리 31번길 22-8,청산초등학교여서분교장,20110401.0
23839,전남,전라남도 진도군 조도면 동거차도30-6,조도초등학교동거차분교장,20110401.0
23842,전남,전라남도 진도군 임회면 죽림리779번지,석교초등학교죽림분교장,20110401.0
23881,전남,전라남도 신안군 압해면 매화리매화리 653,압해초등학교매화분교장,20110401.0
23885,경북,경상북도 포항시 남구 구룡포읍 용주로7번길30,구룡포초등학교구동분교장,20110401.0
24006,경북,경상북도 김천시 구성면 양각길139-12,구성초등학교양각분교장,20110401.0
24109,경북,경상북도 구미시 산동면 임봉길51-8 번지,임봉초등학교,20110401.0
24188,경북,경상북도 상주시 청리면 덕산1길16-5번지,청동초등학교,20110401.0
24267,경북,경상북도 의성군 사곡면 의성사곡로965,사곡초등학교,20110401.0
24305,경북,경상북도 영덕군 축산면영축로 963,영해초등학교축산분교장,20110401.0
24337,경북,경북 고령군 쌍림면 안림천길19-6,안림초등학교,20110401.0
24400,경북,경상북도 봉화군 석포면 청옥로1893,석포초등학교대현분교장,20110401.0
24593,경남,경상남도 통영시 사량면 돈지리223-1,사량초등학교내지분교장,20110401.0
24815,경남,경상남도 양산시 동면 사송리874-1,동면초등학교,20110401.0
24877,경남,경상남도 남해군 설천면 덕신리1259-3,설천초등학교덕신분교장,20110401.0
26789,울산,울산 울주군 두동면 봉계리1030-3번지,봉월초등학교,20120401.0
27671,경기,경기도 여주군 점동면 성주로584,점동초등학교뇌곡분교장,20120401.0
28261,강원,강원도 삼척시 가곡면 청옥로4531,오저초등학교풍곡분교장,20120401.0
28284,강원,강원도 홍천군 서면 개야마을길73,모곡초등학교강야분교장,20120401.0
28299,강원,강원도 홍천군 내면 여차동길20,율전초등학교방내분교장,20120401.0
28313,강원,횡성군 공근면 초학로15번지,공근초등학교광덕분교장,20120401.0
28352,강원,강원 평창군 진부면 간평리103-2,진부초등학교월정분교장,20120401.0
28354,강원,강원도 평창군 방림면 계촌리520,계촌초등학교대미분교장,20120401.0
28396,강원,강원도 철원군 갈말읍 강포2길18,강포초등학교,20120401.0
28436,강원,강원도 양구군 동면 팔랑1리1289-3,임당초등학교팔랑분교장,20120401.0
28628,충북,충청북도 청원군 부용면 외천리294,외천초등학교,20120401.0
28659,충북,충청북도 옥천군 이원면 지탄1길76,이원초등학교지탄분교장,20120401.0
28736,충북,충청북도 음성군 음성읍 삼생리94,남신초등학교덕생분교장,20120401.0
28847,충남,충청남도 공주시 계룡면 갑사로 307(중장리 422-1번지),중장초등학교,20120401.0
28936,충남,충청남도 서산시 해미면 반양리395,반양초등학교,20120401.0
29033,충남,충청남도 논산시 노성면 호월로113번길 6(호암리312),호암초등학교,20120401.0
29081,충남,충청남도 청양군 대치면 청산로690-13(시전리 276번지),대치초등학교,20120401.0
29303,전북,전라북도 군산시 옥서면 신오산길188,선연초등학교,20120401.0
29420,전북,전라북도 정읍시 정우면정우길 149,회룡초등학교,20120401.0
29664,전남,전라남도 여수시 관문동1길 39,여수자산초등학교,20120401.0
29679,전남,전라남도 여수시 중흥동592,중흥초등학교,20120401.0
29723,전남,전라남도 여수시 화정면 낭도리1058,안일초등학교여산분교장,20120401.0
29868,전남,전라남도 고흥군 남양면와야길 17,망주초등학교,20120401.0
29874,전남,전라남도 고흥군 봉래면 교동길17번지,봉래초등학교봉래남분교장,20120401.0
30091,전남,전라남도 진도군 조도면 관매도리 457(전남 진도군 조도면 관대도길 93),조도초등학교관매분교장,20120401.0
30101,전남,전라남도 신안군 지도읍동천길 176-48,지도초등학교동천분교장,20120401.0
30132,전남,전라남도 신안군 하의면장병도길 70,하의초등학교장병분교장,20120401.0
30133,전남,전라남도 신안군 신의면 기도길6-11,신의초등학교기도분교장,20120401.0
30353,경북,경북 구미시 선산읍 김선로619번지,예산초등학교,20120401.0
30378,경북,경상북도 영주시 봉현면 테라피로521번길,봉현서부초등학교,20120401.0
30402,경북,경북 영천시 한방로273-6,영천남부초등학교,20120401.0
30449,경북,경상북도 상주시 화서면 문장로288번지(하송리 58),화령초등학교송계분교장,20120401.0
30504,경북,경상북도 군위군 부계면 한밤8길 2대율초등학교,대율초등학교,20120401.0
30506,경북,경북 군위군 산성면 화본1길5,산성초등학교,20120401.0
30554,경북,경상북도 영덕군 영덕읍야성길 15,야성초등학교,20120401.0
30569,경북,경상북도 청도군 매전면 청매로1288,매전초등학교,20120401.0
30604,경북,경상북도 성주군 수륜면 오천리280번지,지사초등학교,20120401.0
30641,경북,경상북도 봉화군 물야면월계길 321,물야초등학교개단분교장,20120401.0
30684,경북,경상북도 울릉군 서면 태하길130,남양초등학교태하분교장,20120401.0
30747,경남,경상남도 창원시 진해구 수도동40-1,웅천초등학교수도분교장,20120401.0
30842,경남,경상남도 통영시 사량면 돈지길86-4,사량초등학교돈지분교장,20120401.0
30843,경남,경상남도 통영시 사량면 능양윗길79,사량초등학교양지분교장,20120401.0
30844,경남,경상남도 통영시 사량면 하도일주로261-38,사량초등학교읍덕분교장,20120401.0
30851,경남,경상남도 통영시 욕지면 노대리 상리길 35-4666-3,원량초등학교노대분교장,20120401.0
30866,경남,경상남도 통영시 한산면 용호리호두1길 351,한산초등학교용호분교장,20120401.0
30867,경남,경상남도 통영시 한산면 비진리내항길 42,한산초등학교비진분교장,20120401.0
30870,경남,경상남도 사천시 곤명면  봉명로493(봉계리 848-3),곤명초등학교(통폐합),20120401.0
30885,경남,경상남도 사천시 용현면 통양 1길53(사천시 용현면 통양리 108번지),선진초등학교,20120401.0
31025,경남,경상남도 함안군 법수면장백로 675,관동초등학교,20120401.0
31097,경남,경상남도 고성군 하일면 춘암4길1(춘암리 401-2번지),하일초등학교장춘분교장,20120401.0
32134,부산,부산광역시 강서구 성북동   175(대항동),천가초등학교대항분교장,20130401.0
33059,울산,울산광역시 울주군 상북면 이천리377,길천초등학교이천분교,20130401.0
33536,경기,경기도 용인시 처인구 원삼면 두창리복분로 29,원삼초등학교두창분교장,20130401.0
33713,경기,경기도 화성시 동탄면 신리317-1,동탄초등학교신리분교장(폐교),20130401.0
34580,강원,강원 홍천군 북방면 성동리9-4,화계초등학교성동분교장,20130401.0
34664,강원,강원도 정선군 여량면 구절리276-1 번지,여량초등학교구절분교장,20130401.0
34669,강원,강원도 정선군 신동읍 고성리812 번지,예미초등학교고성분교장,20130401.0
34672,강원,강원도 정선군 사북읍 사북1리270번지,사음초등학교,20130401.0
34673,강원,강원 정선군 임계면 가목리107,임계초등학교군대분교장,20130401.0
34836,충북,충청북도 충주시 노은면 안락리감노로 1055,노은초등학교수상분교장,20130401.0
34976,충북,충청북도 진천군 덕산면 산수리산삼로 46,진천삼수초등학교매산분교장,20130401.0
34996,충북,충청북도 괴산군 사리면 모래재로941,보광초등학교화곡분교장,20130401.0
35357,충남,충청남도 홍성군 광천읍 광천리9,광신초등학교,20130401.0
35422,충남,충청남도 태안군 소원면 파도리198,파도초등학교,20130401.0
35429,충남,충청남도 당진시 면천면 자개리622-1,남산초등학교,20130401.0
35961,전남,전라남도 여수시 소경도 1길40-5번지(경호동 783-3번지),경호초등학교소경분교장,20130401.0
35977,전남,전라남도 여수시 돌산읍상하동길 174,백초초등학교우두분교장,20130401.0
36042,전남,전라남도 나주시 산포면 덕례리(산포면 덕례리 296),산포초등학교덕례분교장,20130401.0
36090,전남,전라남도 담양군 봉산면 양지리135-1,봉산초등학교양지분교장,20130401.0
36169,전남,전라남도 화순군 이양면 금능리80-2,이양초등학교금능분교장,20130401.0
36231,전남,전라남도 영암군 시종면금지리 1086,시종초등학교종남분교장,20130401.0
36290,전남,전라남도 영광군 염산면 야월리300번지,염산초등학교야월분교장,20130401.0
36291,전남,전라남도 영광군 염산면옥실리 158,송흥초등학교,20130401.0
36293,전남,전라남도 영광군 법성면 신장리868,법성포초등학교진량분교장,20130401.0
36351,전남,전라남도 진도군 의신면 송정리554,의신초등학교명금분교장,20130401.0
36403,경북,경상북도 포항시 남구 동해면 흥환리359,동해초등학교흥환분교장,20130401.0
36484,경북,경북 경주시 안강읍 육통리543-3번지,안강북부초등학교,20130401.0
36510,경북,경상북도 김천시 감문면 태촌리115,곡송초등학교,20130401.0
36536,경북,경상북도 김천시 아포읍 지리376번지,지동초등학교,20130401.0
36619,경북,경상북도 구미시 해평면 산양리57-1,해평초등학교향산분교장,20130401.0
36663,경북,경상북도 상주시 공성면 금계리33,공서초등학교,20130401.0
36679,경북,경상북도 상주시 외남면 신촌리467,외남초등학교삼남분교장,20130401.0
36775,경북,경북 의성군 춘산면 사미리331번지,춘산초등학교효선분교장,20130401.0
36776,경북,경상북도 청송군 부남면 대전리14,대전초등학교,20130401.0
36825,경북,경상북도 고령군 쌍림면 백산리3184,백산초등학교,20130401.0
36828,경북,경상북도 고령군 우곡면 도진리270,우곡초등학교도진분교장,20130401.0
36880,경북,경상북도 봉화군 명호면 북곡리1309,명호초등학교북곡분교장,20130401.0
37110,경남,경상남도 사천시 늑도동37-21(사천시 늑도동587),삼천포초등학교신도분교장,20130401.0
37203,경남,경상남도 밀양시 하남읍 대사리242-2,수산초등학교하남대사분교장,20130401.0
40240,경기,경기도 양평군 서종면 명덕길 10(서종면.서종초등학교정배분교),서종초등학교정배분교장(폐교),20140401.0
40671,강원,강원도 원주시 문막읍 내신동1길 60-39(문막읍),문막초등학교취병분교장,20140401.0
40841,강원,강원 홍천군 두촌면 철정여내길 2(두촌면.철정초등학교),철정초등학교,20140401.0
40876,강원,강원도 영월군 영월읍 동강로 1488-23(영월읍.봉래초문산분교),봉래초등학교문산분교장,20140401.0
41182,충북,충청북도 옥천군 이원면 이원로 443(이원면.관공서(대성초등학교)),대성초등학교,20140401.0
41600,충남,충청남도 홍성군 광천읍 광천로 169(광천읍.광남초등학교),광남초등학교,20140401.0
41602,충남,충청남도 홍성군 광천읍 홍남동로 161(광천읍.대평초등학교),대평초등학교,20140401.0
41675,충남,충청남도 당진시 대호지면 대호로 470(대호지면.유치원),도성초등학교,20140401.0
42242,전남,전라남도 순천시 황전면 삽재팔동길 150(황전면.황전북초등학교),황전초등학교대치분교장,20140401.0
42263,전남,전라남도 순천시 낙안면 창녕길 7(낙안면.낙안초등학교창녕분교장),낙안초등학교창녕분교장,20140401.0
42312,전남,전라남도 광양시 진월면 대리동백길 5(진월면.진월북초등학교),진월초등학교월길분교장,20140401.0
42456,전남,전라남도 해남군 문내면 문내화원로 541(문내면.문내초등학교),문내초등학교,20140401.0
42457,전남,전라남도 해남군 문내면 신창길 36(문내면.문내동초등학교),문내동초등학교,20140401.0
42463,전남,전라남도 해남군 문내면 증도길 31. 우수영초등학교중화분교장,우수영초등학교중화분교장,20140401.0
42575,전남,전라남도 진도군 의신면 진도대로 1661(의신면.의동초등학교),의동초등학교,20140401.0
42631,경북,경상북도 포항시 남구 구룡포읍 동해안로4287번길 6. 6 (구룡포읍.구룡포초등학교),구룡포초등학교구남분교장,20140401.0
42693,경북,경상북도 경주시 강동면 단구안계길 62-1(강동면)62-1,강동초등학교단구분교장,20140401.0
42922,경북,경상북도 상주시 이안면 이안2길 3(이안면.함창초등학교숭덕분교장),함창초등학교숭덕분교장,20140401.0
42988,경북,경상북도 의성군 단북면 중련길 22-8(단북면),단북초등학교,20140401.0
43215,경남,경상남도 창원시 진해구 연도로 6(연도동),웅천초등학교연도분교장,20140401.0
43311,경남,경상남도 통영시 욕지면 두미남부길 84-2(욕지면.원량초등학교두남분교),원량초등학교두남분교장,20140401.0
43317,경남,경상남도 통영시 용남면 지도해안로 303(용남면.원평초교지도분교),원평초등학교지도분교장,20140401.0
43384,경남,경상남도 김해시 한림면 김해대로 1439-11(한림면.신천초등학교),신천초등학교,20140401.0
43410,경남,경상남도 밀양시 하남읍 백산로 292-10(하남읍.백산초등학교),백산초등학교,20140401.0
43889,서울,서울특별시 은평구 백련산로14길 20-11 (응암동.서울특별시립소년의집),알로이시오초등학교,20150401.0
43951,서울,서울특별시 금천구 독산로50길 60 (시흥동.흥일초등학교),서울흥일초등학교,20150401.0
44197,서울,서울특별시 강서구 양천로55길 22 (가양동.공진초등학교),서울공진초등학교공진분교장,20150401.0
44604,부산,부산광역시 강서구 세산길 89 (미음동.세산초등학교),세산초등학교,20150401.0
44919,인천,인천광역시 옹진군 영흥면 선재로34번길 197 (영흥면.영흥초등학교선재분교),영흥초등학교선재분교장,20150401.0
46809,경기,경기도 포천시 창수면 창동로 115 . 보장초등학교 (창수면.보장초등학교),보장초등학교,20150401.0
47019,강원,강원도 태백시 태백로 368 (화전동.화전초등학교),화전초등학교,20150401.0
47094,강원,강원도 홍천군 홍천읍 와동로219번길 24 주봉초등학교와동분교장,주봉초등학교와동분교장,20150401.0
47834,충남,충청남도 서천군 장항읍 유부도길 43 (장항읍),송림초등학교유부도분교장,20150401.0
47870,충남,충청남도 홍성군 장곡면 장곡길434번길 19 (장곡면.장곡초등학교오서분교장),장곡초등학교오서분교장,20150401.0
47876,충남,충청남도 홍성군 갈산면 갈산서길475번길 14 (갈산면.광성초등학교),광성초등학교,20150401.0
48466,전남,전라남도 여수시 남면 횡간해안길 94-8 (남면.화태초등학교여동분교장),화태초등학교여동분교장,20150401.0
48646,전남,전라남도 보성군 벌교읍 장호길 14 . 벌교초등학교제석분교 (벌교읍.관사),벌교초등학교제석분교장,20150401.0
48958,경북,경상북도 경주시 양남면 화림길 7-3 (양남면.양남초등학교상계분교장),양남초등학교상계분교장,20150401.0
49008,경북,경상북도 김천시 아포읍 대신길 103 (아포읍.대신초등학교),대신초등학교,20150401.0
49268,경북,경상북도 영양군 청기면 재일로 1383-23 . 일월초등학교청북분교장 (청기면),일월초등학교청북분교장,20150401.0
49272,경북,경상북도 영덕군 영덕읍 창포길 2-11 (영덕읍.영덕초등학교창포분교장),영덕야성초등학교창포분교장,20150401.0
49286,경북,경상북도 청도군 금천면 동곡1길 11-5 (금천면.동곡초등학교),동곡초등학교,20150401.0
49288,경북,경상북도 청도군 금천면 청려로 4649 (금천면.방지초등학교),방지초등학교,20150401.0
49364,경북,경상북도 봉화군 소천면 남회룡로 777 . 소천초등학교남회룡분교 (소천면),소천초등학교남회룡분교장,20150401.0
49424,경남,경상남도 창원시 진해구 명동로 93 (명동.명동초등학교),웅천초등학교명동분교장,20150401.0
51047,대구,대구광역시 북구 3공단로14길 31 .  삼영초등학교 (노원동3가),대구삼영초등학교,20160401.0
51792,울산,울산광역시 울주군 상북면 석남로 832 . 궁근정초등학교 (상북면),궁근정초등학교,20160401.0
51793,울산,울산광역시 울주군 상북면 명촌길천로 341 . 길천초등학교 (상북면),길천초등학교,20160401.0
51843,울산,울산광역시 울주군 상북면 상북로 162 . 향산초등학교 (상북면),향산초등학교,20160401.0
53194,강원,강원도 원주시 귀래면 고청길 9 . 귀래초등학교귀운분교장 (귀래면),귀래초등학교귀운분교장,20160401.0
53331,강원,강원도 삼척시 노곡면 노곡로 13-27 . 노곡분교 (노곡면),근덕초등학교노곡분교장,20160401.0
53333,강원,강원도 삼척시 노곡면 문의재로 2522 . 마읍분교 (노곡면),근덕초등학교마읍분교장,20160401.0
53370,강원,강원도 홍천군 서석면 행치령로 801-4 (서석면),서석초등학교항곡분교장,20160401.0
53388,강원,강원도 횡성군 갑천면 외갑천로 301 (갑천면.당평초등학교),횡성초등학교당평분교장,20160401.0
53389,강원,강원도 횡성군 둔내면 경강로 5353 (둔내면) 둔내초등학교 덕성분교,둔내초등학교덕성분교장,20160401.0
53437,강원,강원도 평창군 평창읍 둥지버들길 138 (평창읍),약수초등학교,20160401.0
53533,강원,강원도 고성군 거진읍 송용길 12 (거진읍),거진초등학교송정분교장,20160401.0
53994,충남,충청남도 서산시 대산읍 웅도1길 82 (대산읍),대산초등학교웅도분교장,20160401.0
54052,충남,충청남도 논산시 양촌면 황산벌로 436 . 43-4 (양촌면),동산초등학교,20160401.0
54903,전남,전라남도 고흥군 점암면 화전2길 5 . 점암초등학교화계분교장 (점암면),점암초등학교화계분교장,20160401.0
55009,전남,전라남도 영암군 도포면 영호길 89 . 도포초등학교영농분교장 (도포면),도포초등학교영농분교장,20160401.0
55045,전남,전라남도 영광군 백수읍 성지로 882 (백수읍),백수초등학교백수동분교장,20160401.0
55047,전남,전라남도 영광군 백수읍 상사길 25 (백수읍),백수남초등학교,20160401.0
55190,경북,경상북도 포항시 북구 청하면 사방공원길 27 (청하면.청하초등학교),청하초등학교청하남부분교장,20160401.0
55328,경북,경상북도 안동시 풍천면 가일선원길 73 (풍천면.초등학교),풍서초등학교,20160401.0
55329,경북,경상북도 안동시 풍천면 봉호로 3626 . 풍천초등학교 (풍천면),풍천초등학교,20160401.0
55544,경북,경상북도 영덕군 영덕읍 매정길 235 (영덕읍),영덕야성초등학교매정분교장,20160401.0
55626,경북,경상북도 봉화군 물야면 두문로 370 (물야면),물야초등학교수식분교장,20160401.0
56012,경남,경상남도 함안군 칠북면 단내로 57 (칠북면),칠북초등학교,20160401.0
57128,부산,부산광역시 강서구 제도로 434 (강동동.삼광초등학교),삼광초등학교,20170401.0
57132,부산,부산광역시 강서구 가락대로 230-72 . 송정초등학교 (송정동),송정초등학교(폐교),20170401.0
57307,대구,대구광역시 북구 대동로1길 40 (산격동.대구대동초등학교),대구대동초등학교,20170401.0
58184,경기,경기도 수원시 팔달구 신풍로 15 . (신풍초. 신풍초등학교) (신풍동),신풍초등학교신풍분교장,20170401.0
58974,경기,경기도 이천시 부발읍 두무재로 79 . 21-22 (부발읍),부발초등학교백록분교장,20170401.0
59049,경기,경기도 여주시 북내면 주암길 14 (북내면),북내초등학교주암분교장,20170401.0
59434,경기,경기도 연천군 연천읍 현문로 459 (연천읍),연천초등학교고문분교장,20170401.0
59644,강원,강원도 삼척시 하장면 오두재로 166 (하장면),하장초등학교역둔분교장,20170401.0
59649,강원,강원도 홍천군 북방면 노일로38번길 31 . (북방면. 화계초등학교노일분교장) (북방면),화계초등학교노일분교장,20170401.0
59653,강원,강원도 홍천군 동면 공작산로 1220 (동면),속초초등학교노천분교장,20170401.0
59811,강원,강원도 인제군 인제읍 한석산로 1654 (인제읍),인제초등학교가리산분교장,20170401.0
60065,충북,충청북도 괴산군 불정면 동추산길 1 . 추산초등학교 (불정면),추산초등학교,20170401.0
60199,충남,충청남도 공주시 이인면 검바위로 540 . 주봉초등학교 (이인면),주봉초등학교,20170401.0
60438,충남,충청남도 홍성군 장곡면 무한로 1115 (장곡면),장곡초등학교반계분교장,20170401.0
60626,전북,전라북도 군산시 내초안길 21-12 (내초동),해성초등학교내초분교장,20170401.0
61146,전남,전라남도 광양시 진상면 신황길 126 (진상면),진상초등학교황죽분교장,20170401.0
61220,전남,전라남도 보성군 웅치면 일림로 1013 . 웅치초등학교 (웅치면),웅치초등학교,20170401.0
61441,전남,전라남도 신안군 안좌면 방월길 22-2 . 안좌초등학교반월분교장 (안좌면),안좌초등학교반월분교장,20170401.0
61510,경북,경상북도 포항시 남구 지곡로 25 . 포항제철서초등학교 (효자동),포항제철서초등학교,20170401.0
61557,경북,경상북도 경주시 천북면 물천안길 31 (천북면),천북초등학교물천분교장,20170401.0
61715,경북,경상북도 상주시 낙동면 선상서로 1587 . 용포분교 (낙동면),낙동초등학교용포분교장,20170401.0
61873,경북,경상북도 성주군 선남면 선노로 678 (선남면),도원초등학교선남동부분교장,20170401.0
61918,경북,경상북도 봉화군 물야면 문수로 483 (물야면),물야초등학교북지분교장,20170401.0
61943,경북,경상북도 울진군 금강송면 회룡천1길 26-5 (금강송면),삼근초등학교광회분교장,20170401.0
63308,부산,부산광역시 동구 증산서로 8. 좌천초등학교 (좌천동),좌천초등학교,20180401.0
63374,부산,부산광역시 금정구 금사로 217(회동동.회동초등학교),회동초등학교,20180401.0
63398,부산,부산광역시 강서구 공항로811번길 46(대저2동),대저중앙초등학교,20180401.0
65338,경기,경기도 안성시 원곡면 통심길 8(원곡면),원곡초등학교성은분교장,20180401.0
65754,경기,경기도 연천군 전곡읍 첫마을길 17(전곡읍. 전곡초등학교적동분교장),전곡초등학교적동분교장,20180401.0
65943,강원,강원도 삼척시 근덕면 방재로 16. 동막분교 (근덕면),근덕초등학교동막분교장,20180401.0
65991,강원,강원도 횡성군 갑천면 갑천로 605(갑천면. 금성분교),갑천초등학교금성분교장,20180401.0
66015,강원,강원도 영월군 북면 삼방산길 53-14. 마차초교연덕분교 (북면),마차초등학교연덕분교장,20180401.0
66235,충북,충청북도 충주시 중앙탑면 첨단산업로 670(중앙탑면),중앙탑초등학교,20180401.0
66314,충북,충청북도 보은군 속리산면 삼가구병길 9(속리산면),수정초등학교삼가분교장,20180401.0
66330,충북,충청북도 영동군 양강면 학산영동로 495. 미봉초등학교 (양강면),미봉초등학교,20180401.0
66413,충북,충청북도 단양군 대강면 온천로 719-7. 대강초등학교 장정분교장 (대강면),대강초등학교장정분교장,20180401.0
66546,충남,충청남도 보령시 대해로 646(신흑동),청룡초등학교고대분교장,20180401.0
66699,충남,충청남도 부여군 세도면 인세로 40-3. 인세초등학교 (세도면),인세초등학교,20180401.0
66968,전북,전라북도 익산시 성당면 성당로 649(성당면),금성초등학교,20180401.0
67339,전남,전라남도 여수시 삼산면 대동길 30(삼산면),초도초등학교,20180401.0
67582,전남,전라남도 해남군 화산면 사포길 10. 화산남초등학교 (화산면),화산남초등학교,20180401.0
67601,전남,전라남도 해남군 산이면 금호길 98(산이면),산이서초등학교금호분교장,20180401.0
67637,전남,전라남도 무안군 현경면 해운동길 25(현경면.현경초등학교해운분교장),현경초등학교해운분교장,20180401.0
68161,경북,경상북도 청도군 운문면 운문로 1558(운문면),금천초등학교문명분교장,20180401.0
68178,경북,경상북도 성주군 금수면 성주로 587-4(금수면),가천초등학교무학분교장,20180401.0
68420,경남,경상남도 진주시 대평면 한들길 65(대평면),한평초등학교,20180401.0
